<?xml version="1.0" encoding="UTF-8"?>
<!DOCTYPE log4j:configuration SYSTEM "log4j.dtd">
<log4j:configuration debug="false"
	xmlns:log4j="http://jakarta.apache.org/log4j/">
	<appender name="ConsoleAppender"
		class="org.apache.log4j.ConsoleAppender">
		<layout class="org.apache.log4j.PatternLayout">
			<param name="ConversionPattern"
				value="%-5p [%d{ABSOLUTE}][%x] %c@:%M %m %n"  />
		</layout>
	</appender>
	

 	<logger name="org.springframework.web">
		<level value="INFO" />
	</logger>	


	<!-- ********************************************************* -->
	<!-- Root Loggers                                              -->
	<!-- ********************************************************* -->
	<root>
		<level value="WARN" />
		<appender-ref ref="ConsoleAppender" />
	</root>
</log4j:configuration>