<?xml version="1.0" encoding="UTF-8"?>
<beans xmlns="http://www.springframework.org/schema/beans"
	xmlns:xsi="http://www.w3.org/2001/XMLSchema-instance"
	xmlns:context="http://www.springframework.org/schema/context"
	xmlns:mvc="http://www.springframework.org/schema/mvc"
	xmlns:tx="http://www.springframework.org/schema/tx"
	xmlns:aop="http://www.springframework.org/schema/aop"
	xsi:schemaLocation="http://www.springframework.org/schema/mvc http://www.springframework.org/schema/mvc/spring-mvc-3.1.xsd
		http://www.springframework.org/schema/beans http://www.springframework.org/schema/beans/spring-beans-3.1.xsd
		http://www.springframework.org/schema/tx http://www.springframework.org/schema/tx/spring-tx-3.1.xsd
		http://www.springframework.org/schema/context http://www.springframework.org/schema/context/spring-context-3.1.xsd
		http://www.springframework.org/schema/aop http://www.springframework.org/schema/aop/spring-aop-3.1.xsd">
	
	<ctx:annotation-config/>
	
	<bean class="org.springframework.web.servlet.mvc.method.annotation.RequestMappingHandlerMapping" />
	
	<bean id="jacksonMessageConverter" class="java.util.ArrayList">
		<constructor-arg>
	        <list>
	        	<bean class="org.springframework.http.converter.json.MappingJacksonHttpMessageConverter" />
	        </list>
	    </constructor-arg>   
	</bean>
	 
	<bean class="org.springframework.web.servlet.mvc.method.annotation.RequestMappingHandlerAdapter" >
		<property name="messageConverters" ref="jacksonMessageConverter"/>
	</bean>
		  	 	  	
	<bean id="stockWatcherController" class="com.google.gwt.sample.stockwatcher_json.controller.StockWatcherController" >
		<property name="jsonStockDataService" ref="jsonStockDataService"/>
		<property name="jsonRandomizeService" ref="jsonRandomizeService"/>
	</bean>
	
</beans>
